<?xml version="1.0" encoding="UTF-8"?>
<XML_DIZ_INFO>
  <MASTER_PAD_VERSION_INFO>
    <MASTER_PAD_VERSION>3.11</MASTER_PAD_VERSION>
    <MASTER_PAD_EDITOR>PADManager 2.0.76</MASTER_PAD_EDITOR>
    <MASTER_PAD_EDITOR_URL>http://robosoft.rudenko.com</MASTER_PAD_EDITOR_URL>
    <MASTER_PAD_INFO>Portable Application Description, or PAD for short, is a data set that is used by shareware authors to disseminate information to anyone interested in their software products. To find out more go to http://www.asp-shareware.org/pad</MASTER_PAD_INFO>
  </MASTER_PAD_VERSION_INFO>
  <RoboSoft>
    <Company_UIN>CMP-00D51176D85</Company_UIN>
    <Company_Description>SoftUltima working in various fields of computer technologies since 2007. We provide Computer hardware for small businesses and individuals, Software products for small businesses, Web Designing for group, individuals, small businesses, institutes &amp; organization.</Company_Description>
    <Product_UIN>APP-00D5113BEBE</Product_UIN>
    <Search_String>mumbai local train timetable</Search_String>
    <Press_Release_Search_String>mumbai local train timetable</Press_Release_Search_String>
    <NewsFeed_Search_String>mumbai local train timetable</NewsFeed_Search_String>
    <Search_Engine_Search_String>mumbai local train timetable</Search_Engine_Search_String>
    <Web_Directories_Search_String>mumbai local train timetable</Web_Directories_Search_String>
    <Search_String_Unique>train</Search_String_Unique>
    <Publish_on_CD>FALSE</Publish_on_CD>
    <RSProductType></RSProductType>
    <Comments_For_Reviewer></Comments_For_Reviewer>
    <Backlink></Backlink>
  </RoboSoft>
  <Company_Info>
    <Company_Name>Softultima</Company_Name>
    <Address_1>NA</Address_1>
    <Address_2>NA</Address_2>
    <City_Town>Navi Mumbai</City_Town>
    <State_Province>Maharashtra</State_Province>
    <Zip_Postal_Code>NA</Zip_Postal_Code>
    <Country>India</Country>
    <Company_WebSite_URL>http://www.softultima.com</Company_WebSite_URL>
    <Contact_Info>
      <Contact_First_Name>NA</Contact_First_Name>
      <Contact_Last_Name>NA</Contact_Last_Name>
      <Contact_Email>NA</Contact_Email>
      <Author_First_Name>NA</Author_First_Name>
      <Author_Last_Name>NA</Author_Last_Name>
      <Author_Email>NA</Author_Email>
    </Contact_Info>
    <Support_Info>
      <Sales_Email>NA</Sales_Email>
      <Support_Email>NA</Support_Email>
      <General_Email>NA</General_Email>
      <Sales_Phone>NA</Sales_Phone>
      <Support_Phone>NA</Support_Phone>
      <General_Phone>NA</General_Phone>
      <Fax_Phone>NA</Fax_Phone>
    </Support_Info>
  </Company_Info>
  <NewsFeed>
    <NewsFeed_FORM>Y</NewsFeed_FORM>
    <NewsFeed_VERSION>1.0</NewsFeed_VERSION>
    <NewsFeed_URL>http://Submit-Everywhere.com/extensions/NewsFeed.htm</NewsFeed_URL>
    <NewsFeed_DESCRIPTION>This PAD extension allows you to add your RSS and Atom news feeds info into your PAD file. This info can be used by RSS feed submission software or by feed directories themselves.</NewsFeed_DESCRIPTION>
    <NewsFeed_Type>RSS 0.90</NewsFeed_Type>
    <NewsFeed_Language>English</NewsFeed_Language>
    <NewsFeed_Purpose>News</NewsFeed_Purpose>
    <NewsFeed_Author_First_Name>NA</NewsFeed_Author_First_Name>
    <NewsFeed_Author_Last_Name>NA</NewsFeed_Author_Last_Name>
    <NewsFeed_Author_Email>NA</NewsFeed_Author_Email>
    <NewsFeed_Feed_URL></NewsFeed_Feed_URL>
    <NewsFeed_Site_Name></NewsFeed_Site_Name>
    <NewsFeed_Site_URL></NewsFeed_Site_URL>
    <NewsFeed_Title></NewsFeed_Title>
    <NewsFeed_Description_70></NewsFeed_Description_70>
    <NewsFeed_Description_250></NewsFeed_Description_250>
  </NewsFeed>
  <Site>
    <Site_FORM>Y</Site_FORM>
    <Site_VERSION>1.0</Site_VERSION>
    <Site_URL>http://Submit-Everywhere.com/extensions/Site.htm</Site_URL>
    <Site_DESCRIPTION>This PAD extension allows you to add your site info into your PAD file. This info can be used by site submission software or by web directories themselves.</Site_DESCRIPTION>
    <Site_Site_Title>planIt - Mumbai local train journey planner</Site_Site_Title>
    <Site_Site_URL>http://planit.softultima.com</Site_Site_URL>
    <Site_Description_100>A new and innovative fun app for your local train travel ease</Site_Description_100>
    <Site_Description_250>A new and innovative fun app for your local train travel ease</Site_Description_250>
    <Site_Description_450>A new and innovative fun app for your local train travel ease</Site_Description_450>
    <Site_Keywords>mumbai local, journey, m-indicator,mobond,local train,harbour,central,western,thane-vashi,transharbour</Site_Keywords>
    <Site_Contact_First_Name>NA</Site_Contact_First_Name>
    <Site_Contact_Last_Name>NA</Site_Contact_Last_Name>
    <Site_Contact_Email>NA</Site_Contact_Email>
  </Site>
  <Program_Info>
    <Program_Name>planIt</Program_Name>
    <Program_Version>1.0.0</Program_Version>
    <Program_Release_Month>05</Program_Release_Month>
    <Program_Release_Day>01</Program_Release_Day>
    <Program_Release_Year>2013</Program_Release_Year>
    <Program_Cost_Dollars>0</Program_Cost_Dollars>
    <Program_Type>Freeware</Program_Type>
    <Program_Release_Status>New Release</Program_Release_Status>
    <Program_Install_Support>Install and Uninstall</Program_Install_Support>
    <Program_OS_Support>Android</Program_OS_Support>
    <Program_Language>English</Program_Language>
    <Program_Change_Info>New release</Program_Change_Info>
    <Program_System_Requirements>Android 2.0 and above</Program_System_Requirements>
    <Program_Category_Class>Games &amp; Entertainment::Other</Program_Category_Class>
    <File_Info>
      <File_Size_Bytes>2006054</File_Size_Bytes>
      <File_Size_K>1959</File_Size_K>
      <File_Size_MB>1.91</File_Size_MB>
      <Filename_Versioned></Filename_Versioned>
      <Filename_Previous></Filename_Previous>
      <Filename_Generic></Filename_Generic>
      <Filename_Long></Filename_Long>
    </File_Info>
    <Expire_Info>
      <Has_Expire_Info>N</Has_Expire_Info>
      <Expire_Based_On>Days</Expire_Based_On>
      <Expire_Count></Expire_Count>
      <Expire_Other_Info></Expire_Other_Info>
      <Expire_Month></Expire_Month>
      <Expire_Day></Expire_Day>
      <Expire_Year></Expire_Year>
    </Expire_Info>
    <Limitations>Internet connectivity required to operate app</Limitations>
    <Program_Cost_Other_Code></Program_Cost_Other_Code>
    <Program_Cost_Other></Program_Cost_Other>
    <Awards></Awards>
    <Program_Specific_Category></Program_Specific_Category>
    <Program_Categories></Program_Categories>
    <Includes_JAVA_VM></Includes_JAVA_VM>
    <Includes_VB_Runtime></Includes_VB_Runtime>
    <Includes_DirectX></Includes_DirectX>
  </Program_Info>
  <Web_Info>
    <Application_URLs>
      <Application_Info_URL>http://planit.softultima.com</Application_Info_URL>
      <Application_Order_URL>http://planit.softultima.com</Application_Order_URL>
      <Application_Screenshot_URL>http://planit.softultima.com/mobile.png</Application_Screenshot_URL>
      <Application_Icon_URL>http://planit.softultima.com/favicon_small.gif</Application_Icon_URL>
      <Application_XML_File_URL>http://planit.softultima.com/download/planit.xml</Application_XML_File_URL>
    </Application_URLs>
    <Download_URLs>
      <Primary_Download_URL>http://planit.softultima.com/download.ashx</Primary_Download_URL>
      <Secondary_Download_URL></Secondary_Download_URL>
      <Additional_Download_URL_1></Additional_Download_URL_1>
      <Additional_Download_URL_2></Additional_Download_URL_2>
    </Download_URLs>
  </Web_Info>
  <Permissions>
    <Distribution_Permissions>This is a free version and can be distributed freely. Anyone distributing the application with any cost or return for any sole or group interest or with any commercial objective is liable to legal action against the person/people or entity.</Distribution_Permissions>
    <EULA>NA</EULA>
  </Permissions>
  <Program_Descriptions>
    <English>
      <Keywords>mumbai local, journey, m-indicator,mobond,local train,harbour,central,western,thane-vashi,transharbour</Keywords>
      <Char_Desc_45>Mumbai local train journey planner</Char_Desc_45>
      <Char_Desc_80>planIt is a fun app to make your Mumbai local train journey easy</Char_Desc_80>
      <Char_Desc_250>planIt helps you to reach your destination as early as possible withing Mumbai</Char_Desc_250>
      <Char_Desc_450>planIt is a fun app to make your Mumbai local train journey easy. planIt helps you to reach your destination as early as possible withing Mumbai</Char_Desc_450>
      <Char_Desc_2000>A complete utility Android app that helps you plan your journey by leaving and Reaching time. planIt helps you reach your destination as early as possible or leave place particular time to reach some place particular time.</Char_Desc_2000>
    </English>
  </Program_Descriptions>
</XML_DIZ_INFO>
